{
	"Properties" : 
	{
		"CascadeShadowComponent" : 
		{
			"cascaded_levels" : 
			[
				0.10000000149011612,
				50.0,
				150.0,
				500.0,
				5000.0
			],
			"cascades" : 
			[
				{
					"bias" : 0.019999999552965164,
					"samples" : 256,
					"texel_size" : 
					[
						0.0030000000260770321,
						0.0030000000260770321
					],
					"z_mult" : 
					[
						200.0,
						200.0
					]
				},
				{
					"bias" : 0.019999999552965164,
					"samples" : 64,
					"texel_size" : 
					[
						0.0020000000949949026,
						0.0020000000949949026
					],
					"z_mult" : 
					[
						200.0,
						200.0
					]
				},
				{
					"bias" : 0.019999999552965164,
					"samples" : 64,
					"texel_size" : 
					[
						0.0010000000474974513,
						0.0010000000474974513
					],
					"z_mult" : 
					[
						200.0,
						200.0
					]
				},
				{
					"bias" : 0.019999999552965164,
					"samples" : 16,
					"texel_size" : 
					[
						0.00050000002374872565,
						0.00050000002374872565
					],
					"z_mult" : 
					[
						200.0,
						200.0
					]
				}
			],
			"resolution" : 
			[
				2048.0,
				2048.0
			],
			"shadow_intensity" : 0.75999999046325684
		},
		"TransformComponent" : 
		{
			"Pos" : 
			[
				0.0,
				0.0,
				0.0
			],
			"Rotate" : 
			[
				-46.0,
				0.0,
				2.0
			],
			"Scale" : 
			[
				1.0,
				1.0,
				1.0
			]
		}
	},
	"id" : "cascadeShadows"
}