{
	"Properties" : 
	{
		"CascadeShadowComponent" : 
		{
			"cascaded_levels" : 
			[
				0.10000000149011612,
				50.0,
				150.0,
				500.0,
				5000.0
			],
			"cascades" : 
			[
				{
					"bias" : 0.039999999105930328,
					"samples" : 64,
					"texel_size" : 
					[
						0.0040000001899898052,
						0.0040000001899898052
					],
					"z_mult" : 
					[
						200.0,
						200.0
					]
				},
				{
					"bias" : 0.039999999105930328,
					"samples" : 64,
					"texel_size" : 
					[
						0.0030000000260770321,
						0.0030000000260770321
					],
					"z_mult" : 
					[
						200.0,
						200.0
					]
				},
				{
					"bias" : 0.039999999105930328,
					"samples" : 64,
					"texel_size" : 
					[
						0.0010000000474974513,
						0.0010000000474974513
					],
					"z_mult" : 
					[
						200.0,
						200.0
					]
				},
				{
					"bias" : 0.039999999105930328,
					"samples" : 64,
					"texel_size" : 
					[
						0.000699999975040555,
						0.000699999975040555
					],
					"z_mult" : 
					[
						200.0,
						200.0
					]
				}
			],
			"resolution" : 
			[
				4096.0,
				4096.0
			]
		},
		"TransformComponent" : 
		{
			"Pos" : 
			[
				0.0,
				300.0,
				0.0
			],
			"Rotate" : 
			[
				-174.0,
				0.0,
				0.0
			],
			"Scale" : 
			[
				1.0,
				1.0,
				1.0
			]
		}
	},
	"id" : "cascadeShadows"
}